Name,Email,Phone Number,Address,Birthdate,Company,Credit Card Number,Favorite Color,Website
Taylor Taylor,ytucker@example.com,869-459-3805x0238,"503 Nicholson Ports
East Margaretburgh, ME 02086",2006-10-07,Price PLC,2240670857631325,LightGoldenRodYellow,https://bridges.com/
Dennis Mendez,kgomez@example.org,+1-451-976-4977,"9863 Tate Shoal
Meganview, NH 57338",1984-01-24,"Watson, Kennedy and Wilson",502073362464,MediumSlateBlue,http://www.powell.biz/
Jacob Stevens,josephmann@example.com,5886563977,"32359 Peters Village
West Crystalbury, VA 59949",1947-11-01,Dixon Ltd,4032338879206967,Plum,https://www.medina.com/
Crystal Goodman,qdavis@example.org,001-582-815-2422x6077,"08376 Seth River Suite 516
Tinamouth, AZ 40095",1990-09-17,Robinson Ltd,3559633295779893,LightSteelBlue,http://nicholson.biz/
Ellen Mcdaniel,davidserrano@example.net,(869)948-0482,"093 Holly Extensions Apt. 376
Alexanderstad, TX 19390",1969-08-06,"Aguilar, Vang and Foster",213177250762621,DarkGreen,http://walker.com/
Samuel Daniels,jhuang@example.org,+1-227-306-2262x23785,"188 Aaron Terrace Suite 222
Robinfurt, NJ 50758",1984-02-29,Schaefer PLC,180019690643582,Bisque,http://www.patterson.biz/
Mr. Andrew Smith MD,robert51@example.org,(453)651-2556,"68143 Tracy Lodge Apt. 160
South Gabrielle, PW 63341",1991-01-20,Gallagher Inc,30354077730815,BurlyWood,http://www.taylor-clark.com/
Mark Andrews,michelle46@example.com,001-653-946-3672x4008,"Unit 0383 Box 6685
DPO AE 85171",1963-02-25,Riddle-Russell,5454321824057756,Maroon,http://taylor-wright.com/
Sherri Lee,nelsonstephen@example.org,001-370-722-2676,"507 Heather Forks Suite 284
Lake Megan, MT 71480",1964-12-06,Lynch-Rodriguez,4765581397217,OrangeRed,https://www.erickson.com/
Jose Woodward,wigginskimberly@example.org,297-743-3976,"PSC 3417, Box 4079
APO AE 62860",1986-05-22,"Jenkins, Ayers and Taylor",4867304549429,DarkBlue,http://www.meyers.com/
